{
    "nm": "Comp 1",
    "ddd": 0,
    "h": 256,
    "w": 256,
    "meta": {
        "g": "@lottiefiles/toolkit-js 0.33.2"
    },
    "layers": [
        {
            "ty": 4,
            "nm": "Shape Layer 3",
            "sr": 1,
            "st": 0,
            "op": 300.00001221925,
            "ip": 0,
            "hd": false,
            "ddd": 0,
            "bm": 0,
            "hasMask": false,
            "ao": 0,
            "ks": {
                "a": {
                    "a": 0,
                    "k": [
                        -70,
                        -0.5,
                        0
                    ]
                },
                "s": {
                    "a": 0,
                    "k": [
                        75,
                        75,
                        100
                    ]
                },
                "sk": {
                    "a": 0,
                    "k": 0
                },
                "p": {
                    "a": 1,
                    "k": [
                        {
                            "o": {
                                "x": 0.333,
                                "y": 0
                            },
                            "i": {
                                "x": 0.667,
                                "y": 1
                            },
                            "s": [
                                208.6,
                                127.969,
                                0
                            ],
                            "t": 20,
                            "ti": [
                                0,
                                -0.00520833348855,
                                0
                            ],
                            "to": [
                                0,
                                -6.66145849227905,
                                0
                            ]
                        },
                        {
                            "o": {
                                "x": 0.333,
                                "y": 0
                            },
                            "i": {
                                "x": 0.667,
                                "y": 1
                            },
                            "s": [
                                208.6,
                                88,
                                0
                            ],
                            "t": 30,
                            "ti": [
                                0,
                                -6.66666650772095,
                                0
                            ],
                            "to": [
                                0,
                                0.00520833348855,
                                0
                            ]
                        },
                        {
                            "s": [
                                208.6,
                                128,
                                0
                            ],
                            "t": 40.0000016292334
                        }
                    ]
                },
                "r": {
                    "a": 0,
                    "k": 0
                },
                "sa": {
                    "a": 0,
                    "k": 0
                },
                "o": {
                    "a": 0,
                    "k": 100
                }
            },
            "ef": [],
            "shapes": [
                {
                    "ty": "gr",
                    "bm": 0,
                    "hd": false,
                    "mn": "ADBE Vector Group",
                    "nm": "Ellipse 1",
                    "ix": 1,
                    "cix": 2,
                    "np": 3,
                    "it": [
                        {
                            "ty": "el",
                            "bm": 0,
                            "hd": false,
                            "mn": "ADBE Vector Shape - Ellipse",
                            "nm": "Ellipse Path 1",
                            "d": 1,
                            "p": {
                                "a": 0,
                                "k": [
                                    0,
                                    0
                                ]
                            },
                            "s": {
                                "a": 0,
                                "k": [
                                    33.75,
                                    34.5
                                ]
                            }
                        },
                        {
                            "ty": "fl",
                            "bm": 0,
                            "hd": false,
                            "mn": "ADBE Vector Graphic - Fill",
                            "nm": "Fill 1",
                            "c": {
                                "a": 0,
                                "k": [
                                    0.0863,
                                    0.3137,
                                    0.4824
                                ]
                            },
                            "r": 1,
                            "o": {
                                "a": 0,
                                "k": 100
                            }
                        },
                        {
                            "ty": "tr",
                            "a": {
                                "a": 0,
                                "k": [
                                    0,
                                    0
                                ],
                                "ix": 1
                            },
                            "s": {
                                "a": 0,
                                "k": [
                                    100,
                                    100
                                ],
                                "ix": 3
                            },
                            "sk": {
                                "a": 0,
                                "k": 0,
                                "ix": 4
                            },
                            "p": {
                                "a": 0,
                                "k": [
                                    -70.125,
                                    -0.5
                                ],
                                "ix": 2
                            },
                            "r": {
                                "a": 0,
                                "k": 0,
                                "ix": 6
                            },
                            "sa": {
                                "a": 0,
                                "k": 0,
                                "ix": 5
                            },
                            "o": {
                                "a": 0,
                                "k": 100,
                                "ix": 7
                            }
                        }
                    ]
                }
            ],
            "ind": 1
        },
        {
            "ty": 4,
            "nm": "Shape Layer 2",
            "sr": 1,
            "st": 0,
            "op": 300.00001221925,
            "ip": 0,
            "hd": false,
            "ddd": 0,
            "bm": 0,
            "hasMask": false,
            "ao": 0,
            "ks": {
                "a": {
                    "a": 0,
                    "k": [
                        -70,
                        -0.5,
                        0
                    ]
                },
                "s": {
                    "a": 0,
                    "k": [
                        75,
                        75,
                        100
                    ]
                },
                "sk": {
                    "a": 0,
                    "k": 0
                },
                "p": {
                    "a": 1,
                    "k": [
                        {
                            "o": {
                                "x": 0.333,
                                "y": 0
                            },
                            "i": {
                                "x": 0.667,
                                "y": 1
                            },
                            "s": [
                                168.6,
                                128,
                                0
                            ],
                            "t": 15,
                            "ti": [
                                0,
                                0,
                                0
                            ],
                            "to": [
                                0,
                                -6.66666650772095,
                                0
                            ]
                        },
                        {
                            "o": {
                                "x": 0.333,
                                "y": 0
                            },
                            "i": {
                                "x": 0.667,
                                "y": 1
                            },
                            "s": [
                                168.6,
                                88,
                                0
                            ],
                            "t": 25,
                            "ti": [
                                0,
                                -6.66666650772095,
                                0
                            ],
                            "to": [
                                0,
                                0,
                                0
                            ]
                        },
                        {
                            "s": [
                                168.6,
                                128,
                                0
                            ],
                            "t": 35.0000014255792
                        }
                    ]
                },
                "r": {
                    "a": 0,
                    "k": 0
                },
                "sa": {
                    "a": 0,
                    "k": 0
                },
                "o": {
                    "a": 0,
                    "k": 100
                }
            },
            "ef": [],
            "shapes": [
                {
                    "ty": "gr",
                    "bm": 0,
                    "hd": false,
                    "mn": "ADBE Vector Group",
                    "nm": "Ellipse 1",
                    "ix": 1,
                    "cix": 2,
                    "np": 3,
                    "it": [
                        {
                            "ty": "el",
                            "bm": 0,
                            "hd": false,
                            "mn": "ADBE Vector Shape - Ellipse",
                            "nm": "Ellipse Path 1",
                            "d": 1,
                            "p": {
                                "a": 0,
                                "k": [
                                    0,
                                    0
                                ]
                            },
                            "s": {
                                "a": 0,
                                "k": [
                                    33.75,
                                    34.5
                                ]
                            }
                        },
                        {
                            "ty": "fl",
                            "bm": 0,
                            "hd": false,
                            "mn": "ADBE Vector Graphic - Fill",
                            "nm": "Fill 1",
                            "c": {
                                "a": 0,
                                "k": [
                                    0.1059,
                                    0.3922,
                                    0.6
                                ]
                            },
                            "r": 1,
                            "o": {
                                "a": 0,
                                "k": 100
                            }
                        },
                        {
                            "ty": "tr",
                            "a": {
                                "a": 0,
                                "k": [
                                    0,
                                    0
                                ],
                                "ix": 1
                            },
                            "s": {
                                "a": 0,
                                "k": [
                                    100,
                                    100
                                ],
                                "ix": 3
                            },
                            "sk": {
                                "a": 0,
                                "k": 0,
                                "ix": 4
                            },
                            "p": {
                                "a": 0,
                                "k": [
                                    -70.125,
                                    -0.5
                                ],
                                "ix": 2
                            },
                            "r": {
                                "a": 0,
                                "k": 0,
                                "ix": 6
                            },
                            "sa": {
                                "a": 0,
                                "k": 0,
                                "ix": 5
                            },
                            "o": {
                                "a": 0,
                                "k": 100,
                                "ix": 7
                            }
                        }
                    ]
                }
            ],
            "ind": 2
        },
        {
            "ty": 4,
            "nm": "Shape Layer 1",
            "sr": 1,
            "st": 0,
            "op": 300.00001221925,
            "ip": 0,
            "hd": false,
            "ddd": 0,
            "bm": 0,
            "hasMask": false,
            "ao": 0,
            "ks": {
                "a": {
                    "a": 0,
                    "k": [
                        -70,
                        -0.5,
                        0
                    ]
                },
                "s": {
                    "a": 0,
                    "k": [
                        75,
                        75,
                        100
                    ]
                },
                "sk": {
                    "a": 0,
                    "k": 0
                },
                "p": {
                    "a": 1,
                    "k": [
                        {
                            "o": {
                                "x": 0.333,
                                "y": 0
                            },
                            "i": {
                                "x": 0.667,
                                "y": 1
                            },
                            "s": [
                                128.594,
                                127.969,
                                0
                            ],
                            "t": 10,
                            "ti": [
                                0,
                                -0.00520833348855,
                                0
                            ],
                            "to": [
                                0,
                                -6.66145849227905,
                                0
                            ]
                        },
                        {
                            "o": {
                                "x": 0.333,
                                "y": 0
                            },
                            "i": {
                                "x": 0.667,
                                "y": 1
                            },
                            "s": [
                                128.594,
                                88,
                                0
                            ],
                            "t": 20,
                            "ti": [
                                0,
                                -6.66666650772095,
                                0
                            ],
                            "to": [
                                0,
                                0.00520833348855,
                                0
                            ]
                        },
                        {
                            "s": [
                                128.594,
                                128,
                                0
                            ],
                            "t": 30.0000012219251
                        }
                    ]
                },
                "r": {
                    "a": 0,
                    "k": 0
                },
                "sa": {
                    "a": 0,
                    "k": 0
                },
                "o": {
                    "a": 0,
                    "k": 100
                }
            },
            "ef": [],
            "shapes": [
                {
                    "ty": "gr",
                    "bm": 0,
                    "hd": false,
                    "mn": "ADBE Vector Group",
                    "nm": "Ellipse 1",
                    "ix": 1,
                    "cix": 2,
                    "np": 3,
                    "it": [
                        {
                            "ty": "el",
                            "bm": 0,
                            "hd": false,
                            "mn": "ADBE Vector Shape - Ellipse",
                            "nm": "Ellipse Path 1",
                            "d": 1,
                            "p": {
                                "a": 0,
                                "k": [
                                    0,
                                    0
                                ]
                            },
                            "s": {
                                "a": 0,
                                "k": [
                                    33.75,
                                    34.5
                                ]
                            }
                        },
                        {
                            "ty": "fl",
                            "bm": 0,
                            "hd": false,
                            "mn": "ADBE Vector Graphic - Fill",
                            "nm": "Fill 1",
                            "c": {
                                "a": 0,
                                "k": [
                                    0.2824,
                                    0.5137,
                                    0.6784
                                ]
                            },
                            "r": 1,
                            "o": {
                                "a": 0,
                                "k": 100
                            }
                        },
                        {
                            "ty": "tr",
                            "a": {
                                "a": 0,
                                "k": [
                                    0,
                                    0
                                ],
                                "ix": 1
                            },
                            "s": {
                                "a": 0,
                                "k": [
                                    100,
                                    100
                                ],
                                "ix": 3
                            },
                            "sk": {
                                "a": 0,
                                "k": 0,
                                "ix": 4
                            },
                            "p": {
                                "a": 0,
                                "k": [
                                    -70.125,
                                    -0.5
                                ],
                                "ix": 2
                            },
                            "r": {
                                "a": 0,
                                "k": 0,
                                "ix": 6
                            },
                            "sa": {
                                "a": 0,
                                "k": 0,
                                "ix": 5
                            },
                            "o": {
                                "a": 0,
                                "k": 100,
                                "ix": 7
                            }
                        }
                    ]
                }
            ],
            "ind": 3
        },
        {
            "ty": 4,
            "nm": "Shape Layer 4",
            "sr": 1,
            "st": 0,
            "op": 300.00001221925,
            "ip": 0,
            "hd": false,
            "ddd": 0,
            "bm": 0,
            "hasMask": false,
            "ao": 0,
            "ks": {
                "a": {
                    "a": 0,
                    "k": [
                        -70,
                        -0.5,
                        0
                    ]
                },
                "s": {
                    "a": 0,
                    "k": [
                        75,
                        75,
                        100
                    ]
                },
                "sk": {
                    "a": 0,
                    "k": 0
                },
                "p": {
                    "a": 1,
                    "k": [
                        {
                            "o": {
                                "x": 0.333,
                                "y": 0
                            },
                            "i": {
                                "x": 0.667,
                                "y": 1
                            },
                            "s": [
                                88.6,
                                127.969,
                                0
                            ],
                            "t": 5,
                            "ti": [
                                0,
                                -0.00520833348855,
                                0
                            ],
                            "to": [
                                0,
                                -6.66145849227905,
                                0
                            ]
                        },
                        {
                            "o": {
                                "x": 0.333,
                                "y": 0
                            },
                            "i": {
                                "x": 0.667,
                                "y": 1
                            },
                            "s": [
                                88.6,
                                88,
                                0
                            ],
                            "t": 15,
                            "ti": [
                                0,
                                -6.66666650772095,
                                0
                            ],
                            "to": [
                                0,
                                0.00520833348855,
                                0
                            ]
                        },
                        {
                            "s": [
                                88.6,
                                128,
                                0
                            ],
                            "t": 25.0000010182709
                        }
                    ]
                },
                "r": {
                    "a": 0,
                    "k": 0
                },
                "sa": {
                    "a": 0,
                    "k": 0
                },
                "o": {
                    "a": 0,
                    "k": 100
                }
            },
            "ef": [],
            "shapes": [
                {
                    "ty": "gr",
                    "bm": 0,
                    "hd": false,
                    "mn": "ADBE Vector Group",
                    "nm": "Ellipse 1",
                    "ix": 1,
                    "cix": 2,
                    "np": 3,
                    "it": [
                        {
                            "ty": "el",
                            "bm": 0,
                            "hd": false,
                            "mn": "ADBE Vector Shape - Ellipse",
                            "nm": "Ellipse Path 1",
                            "d": 1,
                            "p": {
                                "a": 0,
                                "k": [
                                    0,
                                    0
                                ]
                            },
                            "s": {
                                "a": 0,
                                "k": [
                                    33.75,
                                    34.5
                                ]
                            }
                        },
                        {
                            "ty": "fl",
                            "bm": 0,
                            "hd": false,
                            "mn": "ADBE Vector Graphic - Fill",
                            "nm": "Fill 1",
                            "c": {
                                "a": 0,
                                "k": [
                                    0.1059,
                                    0.3922,
                                    0.6
                                ]
                            },
                            "r": 1,
                            "o": {
                                "a": 0,
                                "k": 100
                            }
                        },
                        {
                            "ty": "tr",
                            "a": {
                                "a": 0,
                                "k": [
                                    0,
                                    0
                                ],
                                "ix": 1
                            },
                            "s": {
                                "a": 0,
                                "k": [
                                    100,
                                    100
                                ],
                                "ix": 3
                            },
                            "sk": {
                                "a": 0,
                                "k": 0,
                                "ix": 4
                            },
                            "p": {
                                "a": 0,
                                "k": [
                                    -70.125,
                                    -0.5
                                ],
                                "ix": 2
                            },
                            "r": {
                                "a": 0,
                                "k": 0,
                                "ix": 6
                            },
                            "sa": {
                                "a": 0,
                                "k": 0,
                                "ix": 5
                            },
                            "o": {
                                "a": 0,
                                "k": 100,
                                "ix": 7
                            }
                        }
                    ]
                }
            ],
            "ind": 4
        },
        {
            "ty": 4,
            "nm": "Shape Layer 5",
            "sr": 1,
            "st": 0,
            "op": 300.00001221925,
            "ip": 0,
            "hd": false,
            "ddd": 0,
            "bm": 0,
            "hasMask": false,
            "ao": 0,
            "ks": {
                "a": {
                    "a": 0,
                    "k": [
                        -70,
                        -0.5,
                        0
                    ]
                },
                "s": {
                    "a": 0,
                    "k": [
                        75,
                        75,
                        100
                    ]
                },
                "sk": {
                    "a": 0,
                    "k": 0
                },
                "p": {
                    "a": 1,
                    "k": [
                        {
                            "o": {
                                "x": 0.333,
                                "y": 0
                            },
                            "i": {
                                "x": 0.667,
                                "y": 1
                            },
                            "s": [
                                48.6,
                                127.969,
                                0
                            ],
                            "t": 0,
                            "ti": [
                                0,
                                -0.00520833348855,
                                0
                            ],
                            "to": [
                                0,
                                -6.66145849227905,
                                0
                            ]
                        },
                        {
                            "o": {
                                "x": 0.333,
                                "y": 0
                            },
                            "i": {
                                "x": 0.667,
                                "y": 1
                            },
                            "s": [
                                48.6,
                                88,
                                0
                            ],
                            "t": 10,
                            "ti": [
                                0,
                                -6.66666650772095,
                                0
                            ],
                            "to": [
                                0,
                                0.00520833348855,
                                0
                            ]
                        },
                        {
                            "s": [
                                48.6,
                                128,
                                0
                            ],
                            "t": 20.0000008146167
                        }
                    ]
                },
                "r": {
                    "a": 0,
                    "k": 0
                },
                "sa": {
                    "a": 0,
                    "k": 0
                },
                "o": {
                    "a": 0,
                    "k": 100
                }
            },
            "ef": [],
            "shapes": [
                {
                    "ty": "gr",
                    "bm": 0,
                    "hd": false,
                    "mn": "ADBE Vector Group",
                    "nm": "Ellipse 1",
                    "ix": 1,
                    "cix": 2,
                    "np": 3,
                    "it": [
                        {
                            "ty": "el",
                            "bm": 0,
                            "hd": false,
                            "mn": "ADBE Vector Shape - Ellipse",
                            "nm": "Ellipse Path 1",
                            "d": 1,
                            "p": {
                                "a": 0,
                                "k": [
                                    0,
                                    0
                                ]
                            },
                            "s": {
                                "a": 0,
                                "k": [
                                    33.75,
                                    34.5
                                ]
                            }
                        },
                        {
                            "ty": "fl",
                            "bm": 0,
                            "hd": false,
                            "mn": "ADBE Vector Graphic - Fill",
                            "nm": "Fill 1",
                            "c": {
                                "a": 0,
                                "k": [
                                    0.0863,
                                    0.3137,
                                    0.4824
                                ]
                            },
                            "r": 1,
                            "o": {
                                "a": 0,
                                "k": 100
                            }
                        },
                        {
                            "ty": "tr",
                            "a": {
                                "a": 0,
                                "k": [
                                    0,
                                    0
                                ],
                                "ix": 1
                            },
                            "s": {
                                "a": 0,
                                "k": [
                                    100,
                                    100
                                ],
                                "ix": 3
                            },
                            "sk": {
                                "a": 0,
                                "k": 0,
                                "ix": 4
                            },
                            "p": {
                                "a": 0,
                                "k": [
                                    -70.125,
                                    -0.5
                                ],
                                "ix": 2
                            },
                            "r": {
                                "a": 0,
                                "k": 0,
                                "ix": 6
                            },
                            "sa": {
                                "a": 0,
                                "k": 0,
                                "ix": 5
                            },
                            "o": {
                                "a": 0,
                                "k": 100,
                                "ix": 7
                            }
                        }
                    ]
                }
            ],
            "ind": 5
        }
    ],
    "v": "4.6.8",
    "fr": 29.9700012207031,
    "op": 40.0000016292334,
    "ip": 0,
    "assets": []
}