{
    "v": "5.1.9",
    "fr": 29.9700012207031,
    "ip": 0,
    "op": 33.0000013441176,
    "w": 230,
    "h": 230,
    "nm": "Comp 1",
    "ddd": 0,
    "assets": [],
    "layers": [
        {
            "ddd": 0,
            "ind": 1,
            "ty": 4,
            "nm": "Shape Layer 5",
            "sr": 1,
            "ks": {
                "o": {
                    "a": 0,
                    "k": 100,
                    "ix": 11
                },
                "r": {
                    "a": 0,
                    "k": 0,
                    "ix": 10
                },
                "p": {
                    "a": 0,
                    "k": [
                        152.959,
                        150.459,
                        0
                    ],
                    "ix": 2
                },
                "a": {
                    "a": 0,
                    "k": [
                        -125.541,
                        -26.541,
                        0
                    ],
                    "ix": 1
                },
                "s": {
                    "a": 1,
                    "k": [
                        {
                            "i": {
                                "x": [
                                    0.833,
                                    0.833,
                                    0.833
                                ],
                                "y": [
                                    0.833,
                                    0.833,
                                    0.833
                                ]
                            },
                            "o": {
                                "x": [
                                    0.167,
                                    0.167,
                                    0.167
                                ],
                                "y": [
                                    0.167,
                                    0.167,
                                    0.167
                                ]
                            },
                            "n": [
                                "0p833_0p833_0p167_0p167",
                                "0p833_0p833_0p167_0p167",
                                "0p833_0p833_0p167_0p167"
                            ],
                            "t": 0,
                            "s": [
                                100,
                                100,
                                100
                            ],
                            "e": [
                                100,
                                100,
                                100
                            ]
                        },
                        {
                            "i": {
                                "x": [
                                    0.833,
                                    0.833,
                                    0.833
                                ],
                                "y": [
                                    0.833,
                                    0.833,
                                    0.833
                                ]
                            },
                            "o": {
                                "x": [
                                    0.167,
                                    0.167,
                                    0.167
                                ],
                                "y": [
                                    0.167,
                                    0.167,
                                    0.167
                                ]
                            },
                            "n": [
                                "0p833_0p833_0p167_0p167",
                                "0p833_0p833_0p167_0p167",
                                "0p833_0p833_0p167_0p167"
                            ],
                            "t": 18,
                            "s": [
                                100,
                                100,
                                100
                            ],
                            "e": [
                                150,
                                150,
                                100
                            ]
                        },
                        {
                            "i": {
                                "x": [
                                    0.833,
                                    0.833,
                                    0.833
                                ],
                                "y": [
                                    0.833,
                                    0.833,
                                    0.833
                                ]
                            },
                            "o": {
                                "x": [
                                    0.167,
                                    0.167,
                                    0.167
                                ],
                                "y": [
                                    0.167,
                                    0.167,
                                    0.167
                                ]
                            },
                            "n": [
                                "0p833_0p833_0p167_0p167",
                                "0p833_0p833_0p167_0p167",
                                "0p833_0p833_0p167_0p167"
                            ],
                            "t": 24,
                            "s": [
                                150,
                                150,
                                100
                            ],
                            "e": [
                                100,
                                100,
                                100
                            ]
                        },
                        {
                            "t": 30.0000012219251
                        }
                    ],
                    "ix": 6
                }
            },
            "ao": 0,
            "shapes": [
                {
                    "ty": "gr",
                    "it": [
                        {
                            "d": 1,
                            "ty": "el",
                            "s": {
                                "a": 0,
                                "k": [
                                    50.918,
                                    50.918
                                ],
                                "ix": 2
                            },
                            "p": {
                                "a": 0,
                                "k": [
                                    0,
                                    0
                                ],
                                "ix": 3
                            },
                            "nm": "Ellipse Path 1",
                            "mn": "ADBE Vector Shape - Ellipse",
                            "hd": false
                        },
                        {
                            "ty": "st",
                            "c": {
                                "a": 0,
                                "k": [
                                    1,
                                    1,
                                    1,
                                    1
                                ],
                                "ix": 3
                            },
                            "o": {
                                "a": 0,
                                "k": 100,
                                "ix": 4
                            },
                            "w": {
                                "a": 0,
                                "k": 0,
                                "ix": 5
                            },
                            "lc": 1,
                            "lj": 1,
                            "ml": 4,
                            "nm": "Stroke 1",
                            "mn": "ADBE Vector Graphic - Stroke",
                            "hd": false
                        },
                        {
                            "ty": "fl",
                            "c": {
                                "a": 0,
                                "k": [
                                    0.717647058824,
                                    0.082352941176,
                                    0.250980392157,
                                    1
                                ],
                                "ix": 4
                            },
                            "o": {
                                "a": 0,
                                "k": 100,
                                "ix": 5
                            },
                            "r": 1,
                            "nm": "Fill 1",
                            "mn": "ADBE Vector Graphic - Fill",
                            "hd": false
                        },
                        {
                            "ty": "tr",
                            "p": {
                                "a": 0,
                                "k": [
                                    -125.541,
                                    -26.541
                                ],
                                "ix": 2
                            },
                            "a": {
                                "a": 0,
                                "k": [
                                    0,
                                    0
                                ],
                                "ix": 1
                            },
                            "s": {
                                "a": 0,
                                "k": [
                                    100,
                                    100
                                ],
                                "ix": 3
                            },
                            "r": {
                                "a": 0,
                                "k": 0,
                                "ix": 6
                            },
                            "o": {
                                "a": 0,
                                "k": 100,
                                "ix": 7
                            },
                            "sk": {
                                "a": 0,
                                "k": 0,
                                "ix": 4
                            },
                            "sa": {
                                "a": 0,
                                "k": 0,
                                "ix": 5
                            },
                            "nm": "Transform"
                        }
                    ],
                    "nm": "Ellipse 1",
                    "np": 3,
                    "cix": 2,
                    "ix": 1,
                    "mn": "ADBE Vector Group",
                    "hd": false
                }
            ],
            "ip": 0,
            "op": 900.000036657751,
            "st": 0,
            "bm": 0
        },
        {
            "ddd": 0,
            "ind": 2,
            "ty": 4,
            "nm": "Shape Layer 3",
            "sr": 1,
            "ks": {
                "o": {
                    "a": 0,
                    "k": 100,
                    "ix": 11
                },
                "r": {
                    "a": 0,
                    "k": 0,
                    "ix": 10
                },
                "p": {
                    "a": 0,
                    "k": [
                        71.959,
                        150.459,
                        0
                    ],
                    "ix": 2
                },
                "a": {
                    "a": 0,
                    "k": [
                        -125.541,
                        -26.541,
                        0
                    ],
                    "ix": 1
                },
                "s": {
                    "a": 1,
                    "k": [
                        {
                            "i": {
                                "x": [
                                    0.833,
                                    0.833,
                                    0.833
                                ],
                                "y": [
                                    0.833,
                                    0.833,
                                    0.833
                                ]
                            },
                            "o": {
                                "x": [
                                    0.167,
                                    0.167,
                                    0.167
                                ],
                                "y": [
                                    0.167,
                                    0.167,
                                    0.167
                                ]
                            },
                            "n": [
                                "0p833_0p833_0p167_0p167",
                                "0p833_0p833_0p167_0p167",
                                "0p833_0p833_0p167_0p167"
                            ],
                            "t": 0,
                            "s": [
                                100,
                                100,
                                100
                            ],
                            "e": [
                                100,
                                100,
                                100
                            ]
                        },
                        {
                            "i": {
                                "x": [
                                    0.833,
                                    0.833,
                                    0.833
                                ],
                                "y": [
                                    0.833,
                                    0.833,
                                    0.833
                                ]
                            },
                            "o": {
                                "x": [
                                    0.167,
                                    0.167,
                                    0.167
                                ],
                                "y": [
                                    0.167,
                                    0.167,
                                    0.167
                                ]
                            },
                            "n": [
                                "0p833_0p833_0p167_0p167",
                                "0p833_0p833_0p167_0p167",
                                "0p833_0p833_0p167_0p167"
                            ],
                            "t": 12,
                            "s": [
                                100,
                                100,
                                100
                            ],
                            "e": [
                                150,
                                150,
                                100
                            ]
                        },
                        {
                            "i": {
                                "x": [
                                    0.833,
                                    0.833,
                                    0.833
                                ],
                                "y": [
                                    0.833,
                                    0.833,
                                    0.833
                                ]
                            },
                            "o": {
                                "x": [
                                    0.167,
                                    0.167,
                                    0.167
                                ],
                                "y": [
                                    0.167,
                                    0.167,
                                    0.167
                                ]
                            },
                            "n": [
                                "0p833_0p833_0p167_0p167",
                                "0p833_0p833_0p167_0p167",
                                "0p833_0p833_0p167_0p167"
                            ],
                            "t": 18,
                            "s": [
                                150,
                                150,
                                100
                            ],
                            "e": [
                                100,
                                100,
                                100
                            ]
                        },
                        {
                            "t": 24.00000097754
                        }
                    ],
                    "ix": 6
                }
            },
            "ao": 0,
            "shapes": [
                {
                    "ty": "gr",
                    "it": [
                        {
                            "d": 1,
                            "ty": "el",
                            "s": {
                                "a": 0,
                                "k": [
                                    50.918,
                                    50.918
                                ],
                                "ix": 2
                            },
                            "p": {
                                "a": 0,
                                "k": [
                                    0,
                                    0
                                ],
                                "ix": 3
                            },
                            "nm": "Ellipse Path 1",
                            "mn": "ADBE Vector Shape - Ellipse",
                            "hd": false
                        },
                        {
                            "ty": "st",
                            "c": {
                                "a": 0,
                                "k": [
                                    1,
                                    1,
                                    1,
                                    1
                                ],
                                "ix": 3
                            },
                            "o": {
                                "a": 0,
                                "k": 100,
                                "ix": 4
                            },
                            "w": {
                                "a": 0,
                                "k": 0,
                                "ix": 5
                            },
                            "lc": 1,
                            "lj": 1,
                            "ml": 4,
                            "nm": "Stroke 1",
                            "mn": "ADBE Vector Graphic - Stroke",
                            "hd": false
                        },
                        {
                            "ty": "fl",
                            "c": {
                                "a": 0,
                                "k": [
                                    0.980392156863,
                                    0.596078431373,
                                    0.227450980392,
                                    1
                                ],
                                "ix": 4
                            },
                            "o": {
                                "a": 0,
                                "k": 100,
                                "ix": 5
                            },
                            "r": 1,
                            "nm": "Fill 1",
                            "mn": "ADBE Vector Graphic - Fill",
                            "hd": false
                        },
                        {
                            "ty": "tr",
                            "p": {
                                "a": 0,
                                "k": [
                                    -125.541,
                                    -26.541
                                ],
                                "ix": 2
                            },
                            "a": {
                                "a": 0,
                                "k": [
                                    0,
                                    0
                                ],
                                "ix": 1
                            },
                            "s": {
                                "a": 0,
                                "k": [
                                    100,
                                    100
                                ],
                                "ix": 3
                            },
                            "r": {
                                "a": 0,
                                "k": 0,
                                "ix": 6
                            },
                            "o": {
                                "a": 0,
                                "k": 100,
                                "ix": 7
                            },
                            "sk": {
                                "a": 0,
                                "k": 0,
                                "ix": 4
                            },
                            "sa": {
                                "a": 0,
                                "k": 0,
                                "ix": 5
                            },
                            "nm": "Transform"
                        }
                    ],
                    "nm": "Ellipse 1",
                    "np": 3,
                    "cix": 2,
                    "ix": 1,
                    "mn": "ADBE Vector Group",
                    "hd": false
                }
            ],
            "ip": 0,
            "op": 900.000036657751,
            "st": 0,
            "bm": 0
        },
        {
            "ddd": 0,
            "ind": 3,
            "ty": 4,
            "nm": "Shape Layer 4",
            "sr": 1,
            "ks": {
                "o": {
                    "a": 0,
                    "k": 100,
                    "ix": 11
                },
                "r": {
                    "a": 0,
                    "k": 0,
                    "ix": 10
                },
                "p": {
                    "a": 0,
                    "k": [
                        152.959,
                        72.459,
                        0
                    ],
                    "ix": 2
                },
                "a": {
                    "a": 0,
                    "k": [
                        -125.541,
                        -26.541,
                        0
                    ],
                    "ix": 1
                },
                "s": {
                    "a": 1,
                    "k": [
                        {
                            "i": {
                                "x": [
                                    0.833,
                                    0.833,
                                    0.833
                                ],
                                "y": [
                                    0.833,
                                    0.833,
                                    0.833
                                ]
                            },
                            "o": {
                                "x": [
                                    0.167,
                                    0.167,
                                    0.167
                                ],
                                "y": [
                                    0.167,
                                    0.167,
                                    0.167
                                ]
                            },
                            "n": [
                                "0p833_0p833_0p167_0p167",
                                "0p833_0p833_0p167_0p167",
                                "0p833_0p833_0p167_0p167"
                            ],
                            "t": 0,
                            "s": [
                                100,
                                100,
                                100
                            ],
                            "e": [
                                100,
                                100,
                                100
                            ]
                        },
                        {
                            "i": {
                                "x": [
                                    0.833,
                                    0.833,
                                    0.833
                                ],
                                "y": [
                                    0.833,
                                    0.833,
                                    0.833
                                ]
                            },
                            "o": {
                                "x": [
                                    0.167,
                                    0.167,
                                    0.167
                                ],
                                "y": [
                                    0.167,
                                    0.167,
                                    0.167
                                ]
                            },
                            "n": [
                                "0p833_0p833_0p167_0p167",
                                "0p833_0p833_0p167_0p167",
                                "0p833_0p833_0p167_0p167"
                            ],
                            "t": 6,
                            "s": [
                                100,
                                100,
                                100
                            ],
                            "e": [
                                150,
                                150,
                                100
                            ]
                        },
                        {
                            "i": {
                                "x": [
                                    0.833,
                                    0.833,
                                    0.833
                                ],
                                "y": [
                                    0.833,
                                    0.833,
                                    0.833
                                ]
                            },
                            "o": {
                                "x": [
                                    0.167,
                                    0.167,
                                    0.167
                                ],
                                "y": [
                                    0.167,
                                    0.167,
                                    0.167
                                ]
                            },
                            "n": [
                                "0p833_0p833_0p167_0p167",
                                "0p833_0p833_0p167_0p167",
                                "0p833_0p833_0p167_0p167"
                            ],
                            "t": 12,
                            "s": [
                                150,
                                150,
                                100
                            ],
                            "e": [
                                100,
                                100,
                                100
                            ]
                        },
                        {
                            "t": 18.000000733155
                        }
                    ],
                    "ix": 6
                }
            },
            "ao": 0,
            "shapes": [
                {
                    "ty": "gr",
                    "it": [
                        {
                            "d": 1,
                            "ty": "el",
                            "s": {
                                "a": 0,
                                "k": [
                                    50.918,
                                    50.918
                                ],
                                "ix": 2
                            },
                            "p": {
                                "a": 0,
                                "k": [
                                    0,
                                    0
                                ],
                                "ix": 3
                            },
                            "nm": "Ellipse Path 1",
                            "mn": "ADBE Vector Shape - Ellipse",
                            "hd": false
                        },
                        {
                            "ty": "st",
                            "c": {
                                "a": 0,
                                "k": [
                                    1,
                                    1,
                                    1,
                                    1
                                ],
                                "ix": 3
                            },
                            "o": {
                                "a": 0,
                                "k": 100,
                                "ix": 4
                            },
                            "w": {
                                "a": 0,
                                "k": 0,
                                "ix": 5
                            },
                            "lc": 1,
                            "lj": 1,
                            "ml": 4,
                            "nm": "Stroke 1",
                            "mn": "ADBE Vector Graphic - Stroke",
                            "hd": false
                        },
                        {
                            "ty": "fl",
                            "c": {
                                "a": 0,
                                "k": [
                                    0.376470588235,
                                    0.639215686275,
                                    0.737254901961,
                                    1
                                ],
                                "ix": 4
                            },
                            "o": {
                                "a": 0,
                                "k": 100,
                                "ix": 5
                            },
                            "r": 1,
                            "nm": "Fill 1",
                            "mn": "ADBE Vector Graphic - Fill",
                            "hd": false
                        },
                        {
                            "ty": "tr",
                            "p": {
                                "a": 0,
                                "k": [
                                    -125.541,
                                    -26.541
                                ],
                                "ix": 2
                            },
                            "a": {
                                "a": 0,
                                "k": [
                                    0,
                                    0
                                ],
                                "ix": 1
                            },
                            "s": {
                                "a": 0,
                                "k": [
                                    100,
                                    100
                                ],
                                "ix": 3
                            },
                            "r": {
                                "a": 0,
                                "k": 0,
                                "ix": 6
                            },
                            "o": {
                                "a": 0,
                                "k": 100,
                                "ix": 7
                            },
                            "sk": {
                                "a": 0,
                                "k": 0,
                                "ix": 4
                            },
                            "sa": {
                                "a": 0,
                                "k": 0,
                                "ix": 5
                            },
                            "nm": "Transform"
                        }
                    ],
                    "nm": "Ellipse 1",
                    "np": 3,
                    "cix": 2,
                    "ix": 1,
                    "mn": "ADBE Vector Group",
                    "hd": false
                }
            ],
            "ip": 0,
            "op": 900.000036657751,
            "st": 0,
            "bm": 0
        },
        {
            "ddd": 0,
            "ind": 4,
            "ty": 4,
            "nm": "Shape Layer 2",
            "sr": 1,
            "ks": {
                "o": {
                    "a": 0,
                    "k": 100,
                    "ix": 11
                },
                "r": {
                    "a": 0,
                    "k": 0,
                    "ix": 10
                },
                "p": {
                    "a": 0,
                    "k": [
                        71.959,
                        72.459,
                        0
                    ],
                    "ix": 2
                },
                "a": {
                    "a": 0,
                    "k": [
                        -125.541,
                        -26.541,
                        0
                    ],
                    "ix": 1
                },
                "s": {
                    "a": 1,
                    "k": [
                        {
                            "i": {
                                "x": [
                                    0.833,
                                    0.833,
                                    0.833
                                ],
                                "y": [
                                    0.833,
                                    0.833,
                                    0.833
                                ]
                            },
                            "o": {
                                "x": [
                                    0.167,
                                    0.167,
                                    0.167
                                ],
                                "y": [
                                    0.167,
                                    0.167,
                                    0.167
                                ]
                            },
                            "n": [
                                "0p833_0p833_0p167_0p167",
                                "0p833_0p833_0p167_0p167",
                                "0p833_0p833_0p167_0p167"
                            ],
                            "t": 0,
                            "s": [
                                100,
                                100,
                                100
                            ],
                            "e": [
                                150,
                                150,
                                100
                            ]
                        },
                        {
                            "i": {
                                "x": [
                                    0.833,
                                    0.833,
                                    0.833
                                ],
                                "y": [
                                    0.833,
                                    0.833,
                                    0.833
                                ]
                            },
                            "o": {
                                "x": [
                                    0.167,
                                    0.167,
                                    0.167
                                ],
                                "y": [
                                    0.167,
                                    0.167,
                                    0.167
                                ]
                            },
                            "n": [
                                "0p833_0p833_0p167_0p167",
                                "0p833_0p833_0p167_0p167",
                                "0p833_0p833_0p167_0p167"
                            ],
                            "t": 6,
                            "s": [
                                150,
                                150,
                                100
                            ],
                            "e": [
                                100,
                                100,
                                100
                            ]
                        },
                        {
                            "t": 12.00000048877
                        }
                    ],
                    "ix": 6
                }
            },
            "ao": 0,
            "shapes": [
                {
                    "ty": "gr",
                    "it": [
                        {
                            "d": 1,
                            "ty": "el",
                            "s": {
                                "a": 0,
                                "k": [
                                    50.918,
                                    50.918
                                ],
                                "ix": 2
                            },
                            "p": {
                                "a": 0,
                                "k": [
                                    0,
                                    0
                                ],
                                "ix": 3
                            },
                            "nm": "Ellipse Path 1",
                            "mn": "ADBE Vector Shape - Ellipse",
                            "hd": false
                        },
                        {
                            "ty": "st",
                            "c": {
                                "a": 0,
                                "k": [
                                    1,
                                    1,
                                    1,
                                    1
                                ],
                                "ix": 3
                            },
                            "o": {
                                "a": 0,
                                "k": 100,
                                "ix": 4
                            },
                            "w": {
                                "a": 0,
                                "k": 0,
                                "ix": 5
                            },
                            "lc": 1,
                            "lj": 1,
                            "ml": 4,
                            "nm": "Stroke 1",
                            "mn": "ADBE Vector Graphic - Stroke",
                            "hd": false
                        },
                        {
                            "ty": "fl",
                            "c": {
                                "a": 0,
                                "k": [
                                    0.290196078431,
                                    0.411764705882,
                                    0.741176470588,
                                    1
                                ],
                                "ix": 4
                            },
                            "o": {
                                "a": 0,
                                "k": 100,
                                "ix": 5
                            },
                            "r": 1,
                            "nm": "Fill 1",
                            "mn": "ADBE Vector Graphic - Fill",
                            "hd": false
                        },
                        {
                            "ty": "tr",
                            "p": {
                                "a": 0,
                                "k": [
                                    -125.541,
                                    -26.541
                                ],
                                "ix": 2
                            },
                            "a": {
                                "a": 0,
                                "k": [
                                    0,
                                    0
                                ],
                                "ix": 1
                            },
                            "s": {
                                "a": 0,
                                "k": [
                                    100,
                                    100
                                ],
                                "ix": 3
                            },
                            "r": {
                                "a": 0,
                                "k": 0,
                                "ix": 6
                            },
                            "o": {
                                "a": 0,
                                "k": 100,
                                "ix": 7
                            },
                            "sk": {
                                "a": 0,
                                "k": 0,
                                "ix": 4
                            },
                            "sa": {
                                "a": 0,
                                "k": 0,
                                "ix": 5
                            },
                            "nm": "Transform"
                        }
                    ],
                    "nm": "Ellipse 1",
                    "np": 3,
                    "cix": 2,
                    "ix": 1,
                    "mn": "ADBE Vector Group",
                    "hd": false
                }
            ],
            "ip": 0,
            "op": 900.000036657751,
            "st": 0,
            "bm": 0
        }
    ],
    "markers": []
}